,Input.percentA,Input.percentB,Input.prizeA,Input.prizeB,Choice,A?
0,98,10,102,1000,A,True
1,98,10,102,1000,A,True
2,98,10,102,1000,A,True
3,98,10,102,1000,B,False
4,98,10,102,1000,B,False
5,98,10,102,1000,A,True
6,98,10,102,1000,A,True
7,98,10,102,1000,A,True
8,98,10,102,1000,A,True
9,70,90,143,111,B,False
10,70,90,143,111,B,False
11,70,90,143,111,B,False
12,70,90,143,111,B,False
13,70,90,143,111,A,True
14,70,90,143,111,B,False
15,70,90,143,111,B,False
16,70,90,143,111,A,True
17,70,90,143,111,A,True
18,1,2,10000,5000,A,True
19,1,2,10000,5000,A,True
20,1,2,10000,5000,A,True
21,1,2,10000,5000,A,True
22,1,2,10000,5000,A,True
23,1,2,10000,5000,A,True
24,1,2,10000,5000,A,True
25,1,2,10000,5000,B,False
26,1,2,10000,5000,A,True
27,1,2,10000,5000,A,True
28,1,99,10000,101,B,False
29,1,99,10000,101,B,False
30,1,99,10000,101,B,False
31,1,99,10000,101,B,False
32,1,99,10000,101,A,True
33,1,99,10000,101,B,False
34,1,99,10000,101,B,False
35,1,99,10000,101,B,False
36,1,99,10000,101,B,False
37,1,99,10000,101,B,False
38,1,98,10000,102,B,False
39,1,98,10000,102,B,False
40,1,98,10000,102,B,False
41,1,98,10000,102,A,True
42,1,98,10000,102,B,False
43,1,98,10000,102,B,False
44,1,98,10000,102,B,False
45,1,98,10000,102,B,False
46,1,98,10000,102,B,False
47,1,98,10000,102,A,True
48,1,5,10000,2000,B,False
49,1,5,10000,2000,A,True
50,1,5,10000,2000,A,True
51,1,5,10000,2000,B,False
52,1,5,10000,2000,A,True
53,1,5,10000,2000,A,True
54,1,5,10000,2000,A,True
55,1,5,10000,2000,A,True
56,1,5,10000,2000,A,True
57,1,5,10000,2000,A,True
58,1,10,10000,1000,B,False
59,1,10,10000,1000,B,False
60,1,10,10000,1000,A,True
61,1,10,10000,1000,B,False
62,1,10,10000,1000,B,False
63,1,10,10000,1000,A,True
64,1,10,10000,1000,A,True
65,1,10,10000,1000,B,False
66,1,10,10000,1000,A,True
67,1,10,10000,1000,B,False
68,1,20,10000,500,A,True
69,1,20,10000,500,A,True
70,1,20,10000,500,B,False
71,1,20,10000,500,B,False
72,1,20,10000,500,A,True
73,1,20,10000,500,B,False
74,1,20,10000,500,A,True
75,1,20,10000,500,B,False
76,1,20,10000,500,B,False
77,1,20,10000,500,B,False
78,1,25,10000,400,A,True
79,1,25,10000,400,B,False
80,1,25,10000,400,B,False
81,1,25,10000,400,B,False
82,1,25,10000,400,B,False
83,1,25,10000,400,A,True
84,1,25,10000,400,B,False
85,1,25,10000,400,B,False
86,1,25,10000,400,B,False
87,1,25,10000,400,A,True
88,1,30,10000,333,A,True
89,1,30,10000,333,B,False
90,1,30,10000,333,B,False
91,1,30,10000,333,B,False
92,1,30,10000,333,A,True
93,1,30,10000,333,B,False
94,1,30,10000,333,B,False
95,1,30,10000,333,B,False
96,1,30,10000,333,B,False
97,1,30,10000,333,B,False
98,1,40,10000,250,A,True
99,1,40,10000,250,B,False
100,1,40,10000,250,B,False
101,1,40,10000,250,B,False
102,1,40,10000,250,B,False
103,1,40,10000,250,B,False
104,1,40,10000,250,B,False
105,1,40,10000,250,B,False
106,1,40,10000,250,A,True
107,1,40,10000,250,B,False
108,1,50,10000,200,B,False
109,1,50,10000,200,B,False
110,1,50,10000,200,A,True
111,1,50,10000,200,B,False
112,1,50,10000,200,B,False
113,1,50,10000,200,A,True
114,1,50,10000,200,B,False
115,1,50,10000,200,B,False
116,1,50,10000,200,B,False
117,1,50,10000,200,B,False
118,1,60,10000,167,B,False
119,1,60,10000,167,B,False
120,1,60,10000,167,A,True
121,1,60,10000,167,B,False
122,1,60,10000,167,B,False
123,1,60,10000,167,B,False
124,1,60,10000,167,B,False
125,1,60,10000,167,A,True
126,1,60,10000,167,B,False
127,1,60,10000,167,B,False
128,1,70,10000,143,B,False
129,1,70,10000,143,B,False
130,1,70,10000,143,B,False
131,1,70,10000,143,B,False
132,1,70,10000,143,B,False
133,1,70,10000,143,B,False
134,1,70,10000,143,B,False
135,1,70,10000,143,A,True
136,1,70,10000,143,B,False
137,1,70,10000,143,B,False
138,1,75,10000,133,A,True
139,1,75,10000,133,A,True
140,1,75,10000,133,B,False
141,1,75,10000,133,B,False
142,1,75,10000,133,B,False
143,1,75,10000,133,A,True
144,1,75,10000,133,B,False
145,1,75,10000,133,B,False
146,1,75,10000,133,B,False
147,1,75,10000,133,B,False
148,1,80,10000,125,B,False
149,1,80,10000,125,B,False
150,1,80,10000,125,B,False
151,1,80,10000,125,B,False
152,1,80,10000,125,B,False
153,1,80,10000,125,B,False
154,1,80,10000,125,B,False
155,1,80,10000,125,A,True
156,1,80,10000,125,B,False
157,1,80,10000,125,B,False
158,1,90,10000,111,B,False
159,1,90,10000,111,B,False
160,1,90,10000,111,A,True
161,1,90,10000,111,B,False
162,1,90,10000,111,B,False
163,1,90,10000,111,B,False
164,1,90,10000,111,B,False
165,1,90,10000,111,B,False
166,1,90,10000,111,B,False
167,1,90,10000,111,B,False
168,1,95,10000,105,B,False
169,1,95,10000,105,B,False
170,1,95,10000,105,B,False
171,1,95,10000,105,B,False
172,1,95,10000,105,B,False
173,1,95,10000,105,B,False
174,1,95,10000,105,B,False
175,1,95,10000,105,B,False
176,1,95,10000,105,B,False
177,1,95,10000,105,B,False
178,2,99,5000,101,B,False
179,2,99,5000,101,B,False
180,2,99,5000,101,A,True
181,2,99,5000,101,B,False
182,2,99,5000,101,B,False
183,2,99,5000,101,B,False
184,2,99,5000,101,B,False
185,2,99,5000,101,B,False
186,2,99,5000,101,B,False
187,2,99,5000,101,B,False
188,2,98,5000,102,B,False
189,2,98,5000,102,B,False
190,2,98,5000,102,A,True
191,2,98,5000,102,B,False
192,2,98,5000,102,B,False
193,2,98,5000,102,B,False
194,2,98,5000,102,B,False
195,2,98,5000,102,B,False
196,2,98,5000,102,B,False
197,2,98,5000,102,B,False
198,2,5,5000,2000,B,False
199,2,5,5000,2000,A,True
200,2,5,5000,2000,A,True
201,2,5,5000,2000,A,True
202,2,5,5000,2000,A,True
203,2,5,5000,2000,A,True
204,2,5,5000,2000,A,True
205,2,5,5000,2000,B,False
206,2,5,5000,2000,B,False
207,2,5,5000,2000,B,False
208,2,10,5000,1000,A,True
209,2,10,5000,1000,B,False
210,2,10,5000,1000,A,True
211,2,10,5000,1000,B,False
212,2,10,5000,1000,B,False
213,2,10,5000,1000,B,False
214,2,10,5000,1000,A,True
215,2,10,5000,1000,B,False
216,2,10,5000,1000,A,True
217,2,10,5000,1000,A,True
218,2,20,5000,500,A,True
219,2,20,5000,500,A,True
220,2,20,5000,500,B,False
221,2,20,5000,500,B,False
222,2,20,5000,500,B,False
223,2,20,5000,500,A,True
224,2,20,5000,500,A,True
225,2,20,5000,500,A,True
226,2,20,5000,500,B,False
227,2,20,5000,500,B,False
228,2,25,5000,400,B,False
229,2,25,5000,400,B,False
230,2,25,5000,400,B,False
231,2,25,5000,400,B,False
232,2,25,5000,400,B,False
233,2,25,5000,400,B,False
234,2,25,5000,400,A,True
235,2,25,5000,400,B,False
236,2,25,5000,400,B,False
237,2,25,5000,400,B,False
238,2,30,5000,333,A,True
239,2,30,5000,333,B,False
240,2,30,5000,333,B,False
241,2,30,5000,333,B,False
242,2,30,5000,333,B,False
243,2,30,5000,333,A,True
244,2,30,5000,333,A,True
245,2,30,5000,333,B,False
246,2,30,5000,333,B,False
247,2,30,5000,333,B,False
248,2,40,5000,250,B,False
249,2,40,5000,250,B,False
250,2,40,5000,250,B,False
251,2,40,5000,250,B,False
252,2,40,5000,250,A,True
253,2,40,5000,250,A,True
254,2,40,5000,250,A,True
255,2,40,5000,250,B,False
256,2,40,5000,250,B,False
257,2,40,5000,250,B,False
258,2,50,5000,200,B,False
259,2,50,5000,200,B,False
260,2,50,5000,200,B,False
261,2,50,5000,200,B,False
262,2,50,5000,200,B,False
263,2,50,5000,200,A,True
264,2,50,5000,200,B,False
265,2,50,5000,200,B,False
266,2,50,5000,200,A,True
267,2,50,5000,200,B,False
268,2,60,5000,167,B,False
269,2,60,5000,167,B,False
270,2,60,5000,167,B,False
271,2,60,5000,167,B,False
272,2,60,5000,167,B,False
273,2,60,5000,167,B,False
274,2,60,5000,167,B,False
275,2,60,5000,167,A,True
276,2,60,5000,167,B,False
277,2,60,5000,167,B,False
278,2,70,5000,143,B,False
279,2,70,5000,143,B,False
280,2,70,5000,143,B,False
281,2,70,5000,143,B,False
282,2,70,5000,143,B,False
283,2,70,5000,143,B,False
284,2,70,5000,143,A,True
285,2,70,5000,143,B,False
286,2,70,5000,143,B,False
287,2,70,5000,143,A,True
288,2,75,5000,133,B,False
289,2,75,5000,133,B,False
290,2,75,5000,133,B,False
291,2,75,5000,133,B,False
292,2,75,5000,133,A,True
293,2,75,5000,133,B,False
294,2,75,5000,133,B,False
295,2,75,5000,133,B,False
296,2,75,5000,133,B,False
297,2,75,5000,133,B,False
298,2,80,5000,125,B,False
299,2,80,5000,125,B,False
300,2,80,5000,125,B,False
301,2,80,5000,125,B,False
302,2,80,5000,125,B,False
303,2,80,5000,125,B,False
304,2,80,5000,125,B,False
305,2,80,5000,125,B,False
306,2,80,5000,125,B,False
307,2,80,5000,125,B,False
308,2,90,5000,111,B,False
309,2,90,5000,111,B,False
310,2,90,5000,111,B,False
311,2,90,5000,111,B,False
312,2,90,5000,111,B,False
313,2,90,5000,111,B,False
314,2,90,5000,111,B,False
315,2,90,5000,111,B,False
316,2,90,5000,111,B,False
317,2,90,5000,111,B,False
318,2,95,5000,105,B,False
319,2,95,5000,105,B,False
320,2,95,5000,105,A,True
321,2,95,5000,105,B,False
322,2,95,5000,105,B,False
323,2,95,5000,105,B,False
324,2,95,5000,105,B,False
325,2,95,5000,105,B,False
326,2,95,5000,105,B,False
327,2,95,5000,105,B,False
328,99,98,101,102,A,True
329,99,98,101,102,B,False
330,99,98,101,102,B,False
331,99,98,101,102,A,True
332,99,98,101,102,B,False
333,99,98,101,102,B,False
334,99,98,101,102,B,False
335,99,98,101,102,A,True
336,99,98,101,102,B,False
337,99,98,101,102,A,True
338,99,5,101,2000,A,True
339,99,5,101,2000,B,False
340,99,5,101,2000,A,True
341,99,5,101,2000,A,True
342,99,5,101,2000,A,True
343,99,5,101,2000,A,True
344,99,5,101,2000,A,True
345,99,5,101,2000,A,True
346,99,5,101,2000,A,True
347,99,5,101,2000,A,True
348,99,10,101,1000,A,True
349,99,10,101,1000,B,False
350,99,10,101,1000,A,True
351,99,10,101,1000,A,True
352,99,10,101,1000,A,True
353,99,10,101,1000,A,True
354,99,10,101,1000,A,True
355,99,10,101,1000,B,False
356,99,10,101,1000,A,True
357,99,10,101,1000,A,True
358,99,20,101,500,A,True
359,99,20,101,500,A,True
360,99,20,101,500,A,True
361,99,20,101,500,A,True
362,99,20,101,500,A,True
363,99,20,101,500,A,True
364,99,20,101,500,A,True
365,99,20,101,500,A,True
366,99,20,101,500,A,True
367,99,20,101,500,A,True
368,99,25,101,400,A,True
369,99,25,101,400,B,False
370,99,25,101,400,A,True
371,99,25,101,400,A,True
372,99,25,101,400,A,True
373,99,25,101,400,A,True
374,99,25,101,400,A,True
375,99,25,101,400,A,True
376,99,25,101,400,A,True
377,99,25,101,400,A,True
378,99,30,101,333,A,True
379,99,30,101,333,A,True
380,99,30,101,333,A,True
381,99,30,101,333,A,True
382,99,30,101,333,A,True
383,99,30,101,333,A,True
384,99,30,101,333,A,True
385,99,30,101,333,A,True
386,99,30,101,333,A,True
387,99,30,101,333,A,True
388,99,40,101,250,A,True
389,99,40,101,250,A,True
390,99,40,101,250,A,True
391,99,40,101,250,A,True
392,99,40,101,250,A,True
393,99,40,101,250,A,True
394,99,40,101,250,A,True
395,99,40,101,250,A,True
396,99,40,101,250,A,True
397,99,40,101,250,A,True
398,99,50,101,200,B,False
399,99,50,101,200,A,True
400,99,50,101,200,A,True
401,99,50,101,200,A,True
402,99,50,101,200,A,True
403,99,50,101,200,A,True
404,99,50,101,200,A,True
405,99,50,101,200,A,True
406,99,50,101,200,A,True
407,99,50,101,200,A,True
408,99,60,101,167,A,True
409,99,60,101,167,A,True
410,99,60,101,167,A,True
411,99,60,101,167,A,True
412,99,60,101,167,A,True
413,99,60,101,167,A,True
414,99,60,101,167,B,False
415,99,60,101,167,A,True
416,99,60,101,167,A,True
417,99,60,101,167,A,True
418,99,70,101,143,A,True
419,99,70,101,143,A,True
420,99,70,101,143,A,True
421,99,70,101,143,A,True
422,99,70,101,143,A,True
423,99,70,101,143,A,True
424,99,70,101,143,B,False
425,99,70,101,143,A,True
426,99,70,101,143,A,True
427,99,70,101,143,A,True
428,99,75,101,133,A,True
429,99,75,101,133,A,True
430,99,75,101,133,A,True
431,99,75,101,133,A,True
432,99,75,101,133,A,True
433,99,75,101,133,A,True
434,99,75,101,133,A,True
435,99,75,101,133,A,True
436,99,75,101,133,A,True
437,99,75,101,133,A,True
438,99,80,101,125,B,False
439,99,80,101,125,A,True
440,99,80,101,125,A,True
441,99,80,101,125,A,True
442,99,80,101,125,A,True
443,99,80,101,125,A,True
444,99,80,101,125,A,True
445,99,80,101,125,A,True
446,99,80,101,125,A,True
447,99,80,101,125,A,True
448,99,90,101,111,A,True
449,99,90,101,111,A,True
450,99,90,101,111,A,True
451,99,90,101,111,B,False
452,99,90,101,111,A,True
453,99,90,101,111,A,True
454,99,90,101,111,A,True
455,99,90,101,111,A,True
456,99,90,101,111,B,False
457,99,90,101,111,A,True
458,99,95,101,105,A,True
459,99,95,101,105,A,True
460,99,95,101,105,A,True
461,99,95,101,105,A,True
462,99,95,101,105,A,True
463,99,95,101,105,A,True
464,99,95,101,105,A,True
465,99,95,101,105,A,True
466,99,95,101,105,A,True
467,99,95,101,105,B,False
468,98,5,102,2000,A,True
469,98,5,102,2000,A,True
470,98,5,102,2000,A,True
471,98,5,102,2000,A,True
472,98,5,102,2000,A,True
473,98,5,102,2000,A,True
474,98,5,102,2000,B,False
475,98,5,102,2000,A,True
476,98,5,102,2000,B,False
477,98,5,102,2000,A,True
478,98,20,102,500,A,True
479,98,20,102,500,A,True
480,98,20,102,500,A,True
481,98,20,102,500,A,True
482,98,20,102,500,A,True
483,98,20,102,500,A,True
484,98,20,102,500,A,True
485,98,20,102,500,A,True
486,98,20,102,500,A,True
487,98,20,102,500,B,False
488,98,25,102,400,A,True
489,98,25,102,400,A,True
490,98,25,102,400,A,True
491,98,25,102,400,A,True
492,98,25,102,400,A,True
493,98,25,102,400,A,True
494,98,25,102,400,A,True
495,98,25,102,400,A,True
496,98,25,102,400,A,True
497,98,25,102,400,A,True
498,98,30,102,333,A,True
499,98,30,102,333,A,True
500,98,30,102,333,A,True
501,98,30,102,333,A,True
502,98,30,102,333,A,True
503,98,30,102,333,A,True
504,98,30,102,333,A,True
505,98,30,102,333,A,True
506,98,30,102,333,A,True
507,98,30,102,333,A,True
508,98,40,102,250,A,True
509,98,40,102,250,A,True
510,98,40,102,250,A,True
511,98,40,102,250,A,True
512,98,40,102,250,A,True
513,98,40,102,250,A,True
514,98,40,102,250,A,True
515,98,40,102,250,A,True
516,98,40,102,250,A,True
517,98,40,102,250,A,True
518,98,50,102,200,A,True
519,98,50,102,200,A,True
520,98,50,102,200,A,True
521,98,50,102,200,A,True
522,98,50,102,200,A,True
523,98,50,102,200,A,True
524,98,50,102,200,A,True
525,98,50,102,200,A,True
526,98,50,102,200,A,True
527,98,50,102,200,A,True
528,98,60,102,167,A,True
529,98,60,102,167,A,True
530,98,60,102,167,B,False
531,98,60,102,167,A,True
532,98,60,102,167,A,True
533,98,60,102,167,A,True
534,98,60,102,167,A,True
535,98,60,102,167,A,True
536,98,60,102,167,A,True
537,98,60,102,167,B,False
538,98,70,102,143,A,True
539,98,70,102,143,B,False
540,98,70,102,143,A,True
541,98,70,102,143,A,True
542,98,70,102,143,A,True
543,98,70,102,143,A,True
544,98,70,102,143,A,True
545,98,70,102,143,A,True
546,98,70,102,143,A,True
547,98,70,102,143,A,True
548,98,75,102,133,A,True
549,98,75,102,133,B,False
550,98,75,102,133,B,False
551,98,75,102,133,A,True
552,98,75,102,133,A,True
553,98,75,102,133,A,True
554,98,75,102,133,A,True
555,98,75,102,133,A,True
556,98,75,102,133,A,True
557,98,75,102,133,B,False
558,98,80,102,125,B,False
559,98,80,102,125,B,False
560,98,80,102,125,A,True
561,98,80,102,125,A,True
562,98,80,102,125,A,True
563,98,80,102,125,A,True
564,98,80,102,125,A,True
565,98,80,102,125,A,True
566,98,80,102,125,A,True
567,98,80,102,125,A,True
568,98,90,102,111,A,True
569,98,90,102,111,A,True
570,98,90,102,111,B,False
571,98,90,102,111,B,False
572,98,90,102,111,A,True
573,98,90,102,111,A,True
574,98,90,102,111,A,True
575,98,90,102,111,A,True
576,98,90,102,111,A,True
577,98,90,102,111,A,True
578,98,95,102,105,B,False
579,98,95,102,105,A,True
580,98,95,102,105,A,True
581,98,95,102,105,A,True
582,98,95,102,105,A,True
583,98,95,102,105,A,True
584,98,95,102,105,A,True
585,98,95,102,105,A,True
586,98,95,102,105,B,False
587,98,95,102,105,A,True
588,5,10,2000,1000,B,False
589,5,10,2000,1000,A,True
590,5,10,2000,1000,B,False
591,5,10,2000,1000,A,True
592,5,10,2000,1000,A,True
593,5,10,2000,1000,A,True
594,5,10,2000,1000,A,True
595,5,10,2000,1000,B,False
596,5,10,2000,1000,A,True
597,5,10,2000,1000,B,False
598,5,20,2000,500,A,True
599,5,20,2000,500,A,True
600,5,20,2000,500,A,True
601,5,20,2000,500,B,False
602,5,20,2000,500,A,True
603,5,20,2000,500,A,True
604,5,20,2000,500,B,False
605,5,20,2000,500,B,False
606,5,20,2000,500,B,False
607,5,20,2000,500,B,False
608,5,25,2000,400,B,False
609,5,25,2000,400,A,True
610,5,25,2000,400,A,True
611,5,25,2000,400,A,True
612,5,25,2000,400,B,False
613,5,25,2000,400,B,False
614,5,25,2000,400,B,False
615,5,25,2000,400,A,True
616,5,25,2000,400,A,True
617,5,25,2000,400,B,False
618,5,30,2000,333,B,False
619,5,30,2000,333,B,False
620,5,30,2000,333,A,True
621,5,30,2000,333,B,False
622,5,30,2000,333,B,False
623,5,30,2000,333,B,False
624,5,30,2000,333,B,False
625,5,30,2000,333,B,False
626,5,30,2000,333,A,True
627,5,30,2000,333,A,True
628,5,40,2000,250,B,False
629,5,40,2000,250,B,False
630,5,40,2000,250,B,False
631,5,40,2000,250,A,True
632,5,40,2000,250,B,False
633,5,40,2000,250,B,False
634,5,40,2000,250,B,False
635,5,40,2000,250,B,False
636,5,40,2000,250,B,False
637,5,40,2000,250,B,False
638,5,50,2000,200,B,False
639,5,50,2000,200,B,False
640,5,50,2000,200,B,False
641,5,50,2000,200,B,False
642,5,50,2000,200,B,False
643,5,50,2000,200,B,False
644,5,50,2000,200,B,False
645,5,50,2000,200,B,False
646,5,50,2000,200,B,False
647,5,50,2000,200,B,False
648,5,60,2000,167,B,False
649,5,60,2000,167,B,False
650,5,60,2000,167,B,False
651,5,60,2000,167,B,False
652,5,60,2000,167,B,False
653,5,60,2000,167,B,False
654,5,60,2000,167,A,True
655,5,60,2000,167,B,False
656,5,60,2000,167,B,False
657,5,60,2000,167,B,False
658,5,70,2000,143,B,False
659,5,70,2000,143,B,False
660,5,70,2000,143,B,False
661,5,70,2000,143,B,False
662,5,70,2000,143,B,False
663,5,70,2000,143,B,False
664,5,70,2000,143,B,False
665,5,70,2000,143,A,True
666,5,70,2000,143,B,False
667,5,70,2000,143,B,False
668,5,75,2000,133,B,False
669,5,75,2000,133,B,False
670,5,75,2000,133,B,False
671,5,75,2000,133,B,False
672,5,75,2000,133,B,False
673,5,75,2000,133,B,False
674,5,75,2000,133,B,False
675,5,75,2000,133,B,False
676,5,75,2000,133,B,False
677,5,75,2000,133,B,False
678,5,80,2000,125,B,False
679,5,80,2000,125,B,False
680,5,80,2000,125,B,False
681,5,80,2000,125,B,False
682,5,80,2000,125,A,True
683,5,80,2000,125,B,False
684,5,80,2000,125,B,False
685,5,80,2000,125,B,False
686,5,80,2000,125,B,False
687,5,80,2000,125,B,False
688,5,90,2000,111,B,False
689,5,90,2000,111,B,False
690,5,90,2000,111,B,False
691,5,90,2000,111,B,False
692,5,90,2000,111,B,False
693,5,90,2000,111,B,False
694,5,90,2000,111,B,False
695,5,90,2000,111,B,False
696,5,90,2000,111,B,False
697,5,90,2000,111,B,False
698,5,95,2000,105,B,False
699,5,95,2000,105,B,False
700,5,95,2000,105,B,False
701,5,95,2000,105,B,False
702,5,95,2000,105,B,False
703,5,95,2000,105,B,False
704,5,95,2000,105,B,False
705,5,95,2000,105,B,False
706,5,95,2000,105,B,False
707,5,95,2000,105,B,False
708,10,20,1000,500,B,False
709,10,20,1000,500,A,True
710,10,20,1000,500,B,False
711,10,20,1000,500,A,True
712,10,20,1000,500,A,True
713,10,20,1000,500,A,True
714,10,20,1000,500,B,False
715,10,20,1000,500,B,False
716,10,20,1000,500,A,True
717,10,20,1000,500,A,True
718,10,25,1000,400,B,False
719,10,25,1000,400,A,True
720,10,25,1000,400,A,True
721,10,25,1000,400,B,False
722,10,25,1000,400,B,False
723,10,25,1000,400,B,False
724,10,25,1000,400,A,True
725,10,25,1000,400,B,False
726,10,25,1000,400,B,False
727,10,25,1000,400,B,False
728,10,30,1000,333,A,True
729,10,30,1000,333,A,True
730,10,30,1000,333,B,False
731,10,30,1000,333,B,False
732,10,30,1000,333,A,True
733,10,30,1000,333,A,True
734,10,30,1000,333,A,True
735,10,30,1000,333,A,True
736,10,30,1000,333,A,True
737,10,30,1000,333,B,False
738,10,40,1000,250,B,False
739,10,40,1000,250,B,False
740,10,40,1000,250,A,True
741,10,40,1000,250,A,True
742,10,40,1000,250,B,False
743,10,40,1000,250,B,False
744,10,40,1000,250,A,True
745,10,40,1000,250,B,False
746,10,40,1000,250,A,True
747,10,40,1000,250,B,False
748,10,50,1000,200,B,False
749,10,50,1000,200,B,False
750,10,50,1000,200,B,False
751,10,50,1000,200,B,False
752,10,50,1000,200,B,False
753,10,50,1000,200,B,False
754,10,50,1000,200,A,True
755,10,50,1000,200,B,False
756,10,50,1000,200,A,True
757,10,50,1000,200,A,True
758,10,60,1000,167,B,False
759,10,60,1000,167,B,False
760,10,60,1000,167,A,True
761,10,60,1000,167,B,False
762,10,60,1000,167,B,False
763,10,60,1000,167,B,False
764,10,60,1000,167,B,False
765,10,60,1000,167,A,True
766,10,60,1000,167,A,True
767,10,60,1000,167,A,True
768,10,70,1000,143,B,False
769,10,70,1000,143,B,False
770,10,70,1000,143,B,False
771,10,70,1000,143,B,False
772,10,70,1000,143,B,False
773,10,70,1000,143,B,False
774,10,70,1000,143,A,True
775,10,70,1000,143,B,False
776,10,70,1000,143,B,False
777,10,70,1000,143,A,True
778,10,75,1000,133,B,False
779,10,75,1000,133,B,False
780,10,75,1000,133,B,False
781,10,75,1000,133,A,True
782,10,75,1000,133,B,False
783,10,75,1000,133,A,True
784,10,75,1000,133,B,False
785,10,75,1000,133,B,False
786,10,75,1000,133,A,True
787,10,75,1000,133,B,False
788,10,80,1000,125,A,True
789,10,80,1000,125,B,False
790,10,80,1000,125,B,False
791,10,80,1000,125,A,True
792,10,80,1000,125,B,False
793,10,80,1000,125,B,False
794,10,80,1000,125,B,False
795,10,80,1000,125,B,False
796,10,80,1000,125,B,False
797,10,80,1000,125,B,False
798,10,90,1000,111,B,False
799,10,90,1000,111,B,False
800,10,90,1000,111,B,False
801,10,90,1000,111,B,False
802,10,90,1000,111,B,False
803,10,90,1000,111,B,False
804,10,90,1000,111,B,False
805,10,90,1000,111,B,False
806,10,90,1000,111,B,False
807,10,90,1000,111,B,False
808,10,95,1000,105,B,False
809,10,95,1000,105,B,False
810,10,95,1000,105,B,False
811,10,95,1000,105,B,False
812,10,95,1000,105,B,False
813,10,95,1000,105,B,False
814,10,95,1000,105,B,False
815,10,95,1000,105,B,False
816,10,95,1000,105,B,False
817,10,95,1000,105,A,True
818,20,25,500,400,A,True
819,20,25,500,400,B,False
820,20,25,500,400,A,True
821,20,25,500,400,A,True
822,20,25,500,400,B,False
823,20,25,500,400,B,False
824,20,25,500,400,A,True
825,20,25,500,400,A,True
826,20,25,500,400,A,True
827,20,25,500,400,A,True
828,20,30,500,333,A,True
829,20,30,500,333,A,True
830,20,30,500,333,B,False
831,20,30,500,333,A,True
832,20,30,500,333,A,True
833,20,30,500,333,A,True
834,20,30,500,333,B,False
835,20,30,500,333,B,False
836,20,30,500,333,A,True
837,20,30,500,333,B,False
838,20,40,500,250,A,True
839,20,40,500,250,A,True
840,20,40,500,250,A,True
841,20,40,500,250,B,False
842,20,40,500,250,B,False
843,20,40,500,250,B,False
844,20,40,500,250,B,False
845,20,40,500,250,B,False
846,20,40,500,250,B,False
847,20,40,500,250,B,False
848,20,50,500,200,B,False
849,20,50,500,200,B,False
850,20,50,500,200,B,False
851,20,50,500,200,B,False
852,20,50,500,200,B,False
853,20,50,500,200,B,False
854,20,50,500,200,B,False
855,20,50,500,200,A,True
856,20,50,500,200,B,False
857,20,50,500,200,B,False
858,20,60,500,167,B,False
859,20,60,500,167,B,False
860,20,60,500,167,B,False
861,20,60,500,167,A,True
862,20,60,500,167,B,False
863,20,60,500,167,B,False
864,20,60,500,167,B,False
865,20,60,500,167,B,False
866,20,60,500,167,B,False
867,20,60,500,167,A,True
868,20,70,500,143,B,False
869,20,70,500,143,B,False
870,20,70,500,143,B,False
871,20,70,500,143,B,False
872,20,70,500,143,B,False
873,20,70,500,143,B,False
874,20,70,500,143,B,False
875,20,70,500,143,B,False
876,20,70,500,143,B,False
877,20,70,500,143,B,False
878,20,75,500,133,B,False
879,20,75,500,133,B,False
880,20,75,500,133,B,False
881,20,75,500,133,B,False
882,20,75,500,133,B,False
883,20,75,500,133,B,False
884,20,75,500,133,B,False
885,20,75,500,133,B,False
886,20,75,500,133,B,False
887,20,75,500,133,B,False
888,20,80,500,125,B,False
889,20,80,500,125,A,True
890,20,80,500,125,B,False
891,20,80,500,125,B,False
892,20,80,500,125,B,False
893,20,80,500,125,B,False
894,20,80,500,125,B,False
895,20,80,500,125,B,False
896,20,80,500,125,B,False
897,20,80,500,125,B,False
898,20,90,500,111,B,False
899,20,90,500,111,B,False
900,20,90,500,111,B,False
901,20,90,500,111,B,False
902,20,90,500,111,B,False
903,20,90,500,111,B,False
904,20,90,500,111,B,False
905,20,90,500,111,B,False
906,20,90,500,111,B,False
907,20,90,500,111,B,False
908,20,95,500,105,B,False
909,20,95,500,105,B,False
910,20,95,500,105,B,False
911,20,95,500,105,B,False
912,20,95,500,105,B,False
913,20,95,500,105,B,False
914,20,95,500,105,B,False
915,20,95,500,105,B,False
916,20,95,500,105,B,False
917,20,95,500,105,B,False
918,25,30,400,333,B,False
919,25,30,400,333,A,True
920,25,30,400,333,B,False
921,25,30,400,333,A,True
922,25,30,400,333,A,True
923,25,30,400,333,A,True
924,25,30,400,333,B,False
925,25,30,400,333,A,True
926,25,30,400,333,A,True
927,25,30,400,333,A,True
928,25,40,400,250,B,False
929,25,40,400,250,B,False
930,25,40,400,250,B,False
931,25,40,400,250,B,False
932,25,40,400,250,A,True
933,25,40,400,250,B,False
934,25,40,400,250,B,False
935,25,40,400,250,A,True
936,25,40,400,250,B,False
937,25,40,400,250,B,False
938,25,50,400,200,B,False
939,25,50,400,200,B,False
940,25,50,400,200,A,True
941,25,50,400,200,B,False
942,25,50,400,200,B,False
943,25,50,400,200,B,False
944,25,50,400,200,B,False
945,25,50,400,200,B,False
946,25,50,400,200,B,False
947,25,50,400,200,B,False
948,25,60,400,167,B,False
949,25,60,400,167,B,False
950,25,60,400,167,B,False
951,25,60,400,167,B,False
952,25,60,400,167,B,False
953,25,60,400,167,A,True
954,25,60,400,167,B,False
955,25,60,400,167,A,True
956,25,60,400,167,B,False
957,25,60,400,167,B,False
958,25,70,400,143,B,False
959,25,70,400,143,B,False
960,25,70,400,143,B,False
961,25,70,400,143,B,False
962,25,70,400,143,B,False
963,25,70,400,143,A,True
964,25,70,400,143,B,False
965,25,70,400,143,B,False
966,25,70,400,143,B,False
967,25,70,400,143,B,False
968,25,75,400,133,B,False
969,25,75,400,133,B,False
970,25,75,400,133,B,False
971,25,75,400,133,B,False
972,25,75,400,133,B,False
973,25,75,400,133,B,False
974,25,75,400,133,B,False
975,25,75,400,133,B,False
976,25,75,400,133,B,False
977,25,75,400,133,B,False
978,25,80,400,125,B,False
979,25,80,400,125,B,False
980,25,80,400,125,B,False
981,25,80,400,125,A,True
982,25,80,400,125,B,False
983,25,80,400,125,B,False
984,25,80,400,125,B,False
985,25,80,400,125,B,False
986,25,80,400,125,B,False
987,25,80,400,125,B,False
988,25,90,400,111,B,False
989,25,90,400,111,B,False
990,25,90,400,111,B,False
991,25,90,400,111,B,False
992,25,90,400,111,B,False
993,25,90,400,111,B,False
994,25,90,400,111,B,False
995,25,90,400,111,B,False
996,25,90,400,111,B,False
997,25,90,400,111,B,False
998,25,95,400,105,B,False
999,25,95,400,105,A,True
1000,25,95,400,105,B,False
1001,25,95,400,105,B,False
1002,25,95,400,105,B,False
1003,25,95,400,105,B,False
1004,25,95,400,105,B,False
1005,25,95,400,105,B,False
1006,25,95,400,105,B,False
1007,25,95,400,105,B,False
1008,30,40,333,250,B,False
1009,30,40,333,250,B,False
1010,30,40,333,250,B,False
1011,30,40,333,250,A,True
1012,30,40,333,250,B,False
1013,30,40,333,250,B,False
1014,30,40,333,250,A,True
1015,30,40,333,250,B,False
1016,30,40,333,250,B,False
1017,30,40,333,250,B,False
1018,30,50,333,200,B,False
1019,30,50,333,200,B,False
1020,30,50,333,200,A,True
1021,30,50,333,200,B,False
1022,30,50,333,200,B,False
1023,30,50,333,200,B,False
1024,30,50,333,200,A,True
1025,30,50,333,200,B,False
1026,30,50,333,200,B,False
1027,30,50,333,200,B,False
1028,30,60,333,167,B,False
1029,30,60,333,167,B,False
1030,30,60,333,167,B,False
1031,30,60,333,167,B,False
1032,30,60,333,167,B,False
1033,30,60,333,167,B,False
1034,30,60,333,167,B,False
1035,30,60,333,167,B,False
1036,30,60,333,167,B,False
1037,30,60,333,167,B,False
1038,30,70,333,143,B,False
1039,30,70,333,143,B,False
1040,30,70,333,143,B,False
1041,30,70,333,143,B,False
1042,30,70,333,143,B,False
1043,30,70,333,143,B,False
1044,30,70,333,143,B,False
1045,30,70,333,143,B,False
1046,30,70,333,143,B,False
1047,30,70,333,143,B,False
1048,30,75,333,133,B,False
1049,30,75,333,133,B,False
1050,30,75,333,133,B,False
1051,30,75,333,133,B,False
1052,30,75,333,133,B,False
1053,30,75,333,133,B,False
1054,30,75,333,133,B,False
1055,30,75,333,133,B,False
1056,30,75,333,133,B,False
1057,30,75,333,133,B,False
1058,30,80,333,125,B,False
1059,30,80,333,125,A,True
1060,30,80,333,125,B,False
1061,30,80,333,125,B,False
1062,30,80,333,125,B,False
1063,30,80,333,125,B,False
1064,30,80,333,125,B,False
1065,30,80,333,125,B,False
1066,30,80,333,125,B,False
1067,30,80,333,125,B,False
1068,30,90,333,111,B,False
1069,30,90,333,111,B,False
1070,30,90,333,111,B,False
1071,30,90,333,111,B,False
1072,30,90,333,111,B,False
1073,30,90,333,111,B,False
1074,30,90,333,111,B,False
1075,30,90,333,111,B,False
1076,30,90,333,111,B,False
1077,30,90,333,111,B,False
1078,30,95,333,105,B,False
1079,30,95,333,105,B,False
1080,30,95,333,105,B,False
1081,30,95,333,105,B,False
1082,30,95,333,105,B,False
1083,30,95,333,105,B,False
1084,30,95,333,105,B,False
1085,30,95,333,105,B,False
1086,30,95,333,105,B,False
1087,30,95,333,105,B,False
1088,40,50,250,200,B,False
1089,40,50,250,200,A,True
1090,40,50,250,200,B,False
1091,40,50,250,200,B,False
1092,40,50,250,200,A,True
1093,40,50,250,200,B,False
1094,40,50,250,200,B,False
1095,40,50,250,200,A,True
1096,40,50,250,200,A,True
1097,40,50,250,200,A,True
1098,40,60,250,167,B,False
1099,40,60,250,167,B,False
1100,40,60,250,167,A,True
1101,40,60,250,167,B,False
1102,40,60,250,167,A,True
1103,40,60,250,167,B,False
1104,40,60,250,167,B,False
1105,40,60,250,167,B,False
1106,40,60,250,167,B,False
1107,40,60,250,167,A,True
1108,40,70,250,143,B,False
1109,40,70,250,143,B,False
1110,40,70,250,143,B,False
1111,40,70,250,143,A,True
1112,40,70,250,143,B,False
1113,40,70,250,143,B,False
1114,40,70,250,143,B,False
1115,40,70,250,143,B,False
1116,40,70,250,143,B,False
1117,40,70,250,143,B,False
1118,40,75,250,133,B,False
1119,40,75,250,133,B,False
1120,40,75,250,133,A,True
1121,40,75,250,133,B,False
1122,40,75,250,133,B,False
1123,40,75,250,133,B,False
1124,40,75,250,133,B,False
1125,40,75,250,133,B,False
1126,40,75,250,133,B,False
1127,40,75,250,133,B,False
1128,40,80,250,125,B,False
1129,40,80,250,125,B,False
1130,40,80,250,125,B,False
1131,40,80,250,125,B,False
1132,40,80,250,125,B,False
1133,40,80,250,125,B,False
1134,40,80,250,125,B,False
1135,40,80,250,125,B,False
1136,40,80,250,125,B,False
1137,40,80,250,125,B,False
1138,40,90,250,111,B,False
1139,40,90,250,111,B,False
1140,40,90,250,111,B,False
1141,40,90,250,111,B,False
1142,40,90,250,111,B,False
1143,40,90,250,111,B,False
1144,40,90,250,111,B,False
1145,40,90,250,111,A,True
1146,40,90,250,111,B,False
1147,40,90,250,111,B,False
1148,40,95,250,105,B,False
1149,40,95,250,105,B,False
1150,40,95,250,105,B,False
1151,40,95,250,105,B,False
1152,40,95,250,105,B,False
1153,40,95,250,105,B,False
1154,40,95,250,105,B,False
1155,40,95,250,105,B,False
1156,40,95,250,105,B,False
1157,40,95,250,105,B,False
1158,50,60,200,167,B,False
1159,50,60,200,167,A,True
1160,50,60,200,167,A,True
1161,50,60,200,167,B,False
1162,50,60,200,167,A,True
1163,50,60,200,167,A,True
1164,50,60,200,167,B,False
1165,50,60,200,167,A,True
1166,50,60,200,167,A,True
1167,50,60,200,167,A,True
1168,50,70,200,143,B,False
1169,50,70,200,143,B,False
1170,50,70,200,143,B,False
1171,50,70,200,143,A,True
1172,50,70,200,143,B,False
1173,50,70,200,143,B,False
1174,50,70,200,143,B,False
1175,50,70,200,143,B,False
1176,50,70,200,143,A,True
1177,50,70,200,143,A,True
1178,50,75,200,133,B,False
1179,50,75,200,133,B,False
1180,50,75,200,133,B,False
1181,50,75,200,133,B,False
1182,50,75,200,133,B,False
1183,50,75,200,133,B,False
1184,50,75,200,133,B,False
1185,50,75,200,133,B,False
1186,50,75,200,133,B,False
1187,50,75,200,133,B,False
1188,50,80,200,125,A,True
1189,50,80,200,125,B,False
1190,50,80,200,125,B,False
1191,50,80,200,125,A,True
1192,50,80,200,125,B,False
1193,50,80,200,125,B,False
1194,50,80,200,125,B,False
1195,50,80,200,125,B,False
1196,50,80,200,125,B,False
1197,50,80,200,125,B,False
1198,50,90,200,111,B,False
1199,50,90,200,111,B,False
1200,50,90,200,111,B,False
1201,50,90,200,111,B,False
1202,50,90,200,111,B,False
1203,50,90,200,111,B,False
1204,50,90,200,111,B,False
1205,50,90,200,111,B,False
1206,50,90,200,111,B,False
1207,50,90,200,111,B,False
1208,50,95,200,105,B,False
1209,50,95,200,105,B,False
1210,50,95,200,105,B,False
1211,50,95,200,105,B,False
1212,50,95,200,105,A,True
1213,50,95,200,105,B,False
1214,50,95,200,105,B,False
1215,50,95,200,105,B,False
1216,50,95,200,105,B,False
1217,50,95,200,105,B,False
1218,60,70,167,143,B,False
1219,60,70,167,143,B,False
1220,60,70,167,143,A,True
1221,60,70,167,143,B,False
1222,60,70,167,143,B,False
1223,60,70,167,143,A,True
1224,60,70,167,143,A,True
1225,60,70,167,143,B,False
1226,60,70,167,143,B,False
1227,60,70,167,143,A,True
1228,60,75,167,133,A,True
1229,60,75,167,133,B,False
1230,60,75,167,133,A,True
1231,60,75,167,133,B,False
1232,60,75,167,133,B,False
1233,60,75,167,133,B,False
1234,60,75,167,133,B,False
1235,60,75,167,133,B,False
1236,60,75,167,133,B,False
1237,60,75,167,133,B,False
1238,60,80,167,125,A,True
1239,60,80,167,125,B,False
1240,60,80,167,125,B,False
1241,60,80,167,125,B,False
1242,60,80,167,125,B,False
1243,60,80,167,125,A,True
1244,60,80,167,125,B,False
1245,60,80,167,125,B,False
1246,60,80,167,125,B,False
1247,60,80,167,125,B,False
1248,60,90,167,111,B,False
1249,60,90,167,111,B,False
1250,60,90,167,111,B,False
1251,60,90,167,111,B,False
1252,60,90,167,111,B,False
1253,60,90,167,111,A,True
1254,60,90,167,111,B,False
1255,60,90,167,111,A,True
1256,60,90,167,111,B,False
1257,60,90,167,111,A,True
1258,60,95,167,105,B,False
1259,60,95,167,105,B,False
1260,60,95,167,105,B,False
1261,60,95,167,105,B,False
1262,60,95,167,105,A,True
1263,60,95,167,105,A,True
1264,60,95,167,105,B,False
1265,60,95,167,105,B,False
1266,60,95,167,105,B,False
1267,60,95,167,105,B,False
1268,70,75,143,133,B,False
1269,70,75,143,133,A,True
1270,70,75,143,133,B,False
1271,70,75,143,133,B,False
1272,70,75,143,133,A,True
1273,70,75,143,133,B,False
1274,70,75,143,133,A,True
1275,70,75,143,133,B,False
1276,70,75,143,133,B,False
1277,70,75,143,133,B,False
1278,70,80,143,125,B,False
1279,70,80,143,125,B,False
1280,70,80,143,125,B,False
1281,70,80,143,125,A,True
1282,70,80,143,125,B,False
1283,70,80,143,125,A,True
1284,70,80,143,125,A,True
1285,70,80,143,125,B,False
1286,70,80,143,125,B,False
1287,70,80,143,125,B,False
1288,70,95,143,105,B,False
1289,70,95,143,105,B,False
1290,70,95,143,105,B,False
1291,70,95,143,105,B,False
1292,70,95,143,105,B,False
1293,70,95,143,105,B,False
1294,70,95,143,105,B,False
1295,70,95,143,105,B,False
1296,70,95,143,105,B,False
1297,70,95,143,105,A,True
1298,75,80,133,125,B,False
1299,75,80,133,125,A,True
1300,75,80,133,125,A,True
1301,75,80,133,125,A,True
1302,75,80,133,125,B,False
1303,75,80,133,125,B,False
1304,75,80,133,125,A,True
1305,75,80,133,125,B,False
1306,75,80,133,125,B,False
1307,75,80,133,125,A,True
1308,75,90,133,111,B,False
1309,75,90,133,111,B,False
1310,75,90,133,111,B,False
1311,75,90,133,111,B,False
1312,75,90,133,111,B,False
1313,75,90,133,111,B,False
1314,75,90,133,111,A,True
1315,75,90,133,111,B,False
1316,75,90,133,111,B,False
1317,75,90,133,111,B,False
1318,75,95,133,105,B,False
1319,75,95,133,105,B,False
1320,75,95,133,105,A,True
1321,75,95,133,105,B,False
1322,75,95,133,105,A,True
1323,75,95,133,105,B,False
1324,75,95,133,105,B,False
1325,75,95,133,105,B,False
1326,75,95,133,105,B,False
1327,75,95,133,105,A,True
1328,80,90,125,111,B,False
1329,80,90,125,111,B,False
1330,80,90,125,111,B,False
1331,80,90,125,111,A,True
1332,80,90,125,111,B,False
1333,80,90,125,111,B,False
1334,80,90,125,111,B,False
1335,80,90,125,111,B,False
1336,80,90,125,111,B,False
1337,80,90,125,111,A,True
1338,80,95,125,105,B,False
1339,80,95,125,105,A,True
1340,80,95,125,105,B,False
1341,80,95,125,105,B,False
1342,80,95,125,105,B,False
1343,80,95,125,105,B,False
1344,80,95,125,105,B,False
1345,80,95,125,105,B,False
1346,80,95,125,105,B,False
1347,80,95,125,105,B,False
1348,90,95,111,105,B,False
1349,90,95,111,105,B,False
1350,90,95,111,105,B,False
1351,90,95,111,105,A,True
1352,90,95,111,105,B,False
1353,90,95,111,105,B,False
1354,90,95,111,105,B,False
1355,90,95,111,105,B,False
1356,90,95,111,105,A,True
1357,90,95,111,105,B,False
